"Timestamp","NodePid","CpuPercentOneCore","WorkingSetMiB","PrivateMemoryMiB","PSComputerName","RunspaceId","PSShowComputerName"
"2026-08-17T11:02:19.0954066+07:00","7416","610.98","62.32","60.66","localhost","85d308c4-9064-4dde-be9f-970975c8542c","False"
"2026-08-17T11:02:20.1487109+07:00","7416","0","62.32","60.66","localhost","85d308c4-9064-4dde-be9f-970975c8542c","False"
"2026-08-17T11:02:21.1698582+07:00","7416","0","62.32","60.66","localhost","85d308c4-9064-4dde-be9f-970975c8542c","False"
"2026-08-17T11:02:22.1890008+07:00","7416","0","62.32","60.66","localhost","85d308c4-9064-4dde-be9f-970975c8542c","False"
"2026-08-17T11:02:23.2006951+07:00","7416","0","62.32","60.66","localhost","85d308c4-9064-4dde-be9f-970975c8542c","False"
"2026-08-17T11:02:24.2231988+07:00","7416","4.58","63.54","60.9","localhost","85d308c4-9064-4dde-be9f-970975c8542c","False"
"2026-08-17T11:02:25.2392934+07:00","7416","6.15","59.98","54.79","localhost","85d308c4-9064-4dde-be9f-970975c8542c","False"
"2026-08-17T11:02:26.2487059+07:00","7416","4.64","59.45","55.2","localhost","85d308c4-9064-4dde-be9f-970975c8542c","False"
"2026-08-17T11:02:27.2645868+07:00","7416","4.61","59.95","55.46","localhost","85d308c4-9064-4dde-be9f-970975c8542c","False"
"2026-08-17T11:02:28.2715578+07:00","7416","3.1","60.73","56.49","localhost","85d308c4-9064-4dde-be9f-970975c8542c","False"
"2026-08-17T11:02:29.2867458+07:00","7416","3.08","61.25","56.75","localhost","85d308c4-9064-4dde-be9f-970975c8542c","False"
"2026-08-17T11:02:30.3146280+07:00","7416","1.52","61.64","56.75","localhost","85d308c4-9064-4dde-be9f-970975c8542c","False"
"2026-08-17T11:02:31.3255096+07:00","7416","10.82","62.14","57.07","localhost","85d308c4-9064-4dde-be9f-970975c8542c","False"
"2026-08-17T11:02:32.3462212+07:00","7416","4.59","62.42","57.33","localhost","85d308c4-9064-4dde-be9f-970975c8542c","False"
"2026-08-17T11:02:33.3673735+07:00","7416","3.06","62.61","57.59","localhost","85d308c4-9064-4dde-be9f-970975c8542c","False"
"2026-08-17T11:02:34.3930271+07:00","7416","13.71","62.73","57.59","localhost","85d308c4-9064-4dde-be9f-970975c8542c","False"
"2026-08-17T11:02:35.4105074+07:00","7416","1.54","63.17","58.37","localhost","85d308c4-9064-4dde-be9f-970975c8542c","False"
"2026-08-17T11:02:36.4263935+07:00","7416","19.99","63.58","60.44","localhost","85d308c4-9064-4dde-be9f-970975c8542c","False"
"2026-08-17T11:02:37.4368306+07:00","7416","6.19","63.91","60.7","localhost","85d308c4-9064-4dde-be9f-970975c8542c","False"
"2026-08-17T11:02:38.4575596+07:00","7416","1.53","64.89","60.7","localhost","85d308c4-9064-4dde-be9f-970975c8542c","False"
"2026-08-17T11:02:39.4726310+07:00","7416","4.62","65.77","61.47","localhost","85d308c4-9064-4dde-be9f-970975c8542c","False"
"2026-08-17T11:02:40.4871425+07:00","7416","6.16","66.16","61.73","localhost","85d308c4-9064-4dde-be9f-970975c8542c","False"
"2026-08-17T11:02:41.4938368+07:00","7416","3.1","66.68","66.36","localhost","85d308c4-9064-4dde-be9f-970975c8542c","False"
"2026-08-17T11:02:42.5090542+07:00","7416","3.08","68.66","66.7","localhost","85d308c4-9064-4dde-be9f-970975c8542c","False"
"2026-08-17T11:02:43.5317651+07:00","7416","3.06","69.63","66.66","localhost","85d308c4-9064-4dde-be9f-970975c8542c","False"
"2026-08-17T11:02:44.5544283+07:00","7416","9.17","71.33","68.25","localhost","85d308c4-9064-4dde-be9f-970975c8542c","False"
"2026-08-17T11:02:45.5621660+07:00","7416","3.1","71.39","68.25","localhost","85d308c4-9064-4dde-be9f-970975c8542c","False"
"2026-08-17T11:02:46.5845124+07:00","7416","12.23","71.29","68.25","localhost","85d308c4-9064-4dde-be9f-970975c8542c","False"
"2026-08-17T11:02:47.6028996+07:00","7416","13.81","71.52","68.11","localhost","85d308c4-9064-4dde-be9f-970975c8542c","False"
"2026-08-17T11:02:48.6146780+07:00","7416","6.18","71.61","75.41","localhost","85d308c4-9064-4dde-be9f-970975c8542c","False"
"2026-08-17T11:02:49.6222365+07:00","7416","17.06","71.85","76.75","localhost","85d308c4-9064-4dde-be9f-970975c8542c","False"
"2026-08-17T11:02:50.6434805+07:00","7416","6.12","73.15","76.76","localhost","85d308c4-9064-4dde-be9f-970975c8542c","False"
"2026-08-17T11:02:51.6537758+07:00","7416","3.09","74.39","76.76","localhost","85d308c4-9064-4dde-be9f-970975c8542c","False"
"2026-08-17T11:02:52.6634244+07:00","7416","13.93","75.47","76.77","localhost","85d308c4-9064-4dde-be9f-970975c8542c","False"
"2026-08-17T11:02:53.6704666+07:00","7416","12.41","75.89","76.18","localhost","85d308c4-9064-4dde-be9f-970975c8542c","False"
"2026-08-17T11:02:54.6964349+07:00","7416","7.61","77.07","76.95","localhost","85d308c4-9064-4dde-be9f-970975c8542c","False"
"2026-08-17T11:02:55.7075080+07:00","7416","9.27","78.57","77.18","localhost","85d308c4-9064-4dde-be9f-970975c8542c","False"
"2026-08-17T11:02:56.7279400+07:00","7416","7.66","78.37","77.11","localhost","85d308c4-9064-4dde-be9f-970975c8542c","False"
"2026-08-17T11:02:57.7489106+07:00","7416","10.71","78.29","76.15","localhost","85d308c4-9064-4dde-be9f-970975c8542c","False"
"2026-08-17T11:02:58.7654039+07:00","7416","13.83","78.46","77.11","localhost","85d308c4-9064-4dde-be9f-970975c8542c","False"
"2026-08-17T11:02:59.7730668+07:00","7416","7.75","78.38","77.14","localhost","85d308c4-9064-4dde-be9f-970975c8542c","False"
"2026-08-17T11:03:00.7932229+07:00","7416","7.66","78.38","77.14","localhost","85d308c4-9064-4dde-be9f-970975c8542c","False"
"2026-08-17T11:03:01.8137282+07:00","7416","16.84","78.44","77.14","localhost","85d308c4-9064-4dde-be9f-970975c8542c","False"
"2026-08-17T11:03:02.8228039+07:00","7416","10.84","78.45","77.14","localhost","85d308c4-9064-4dde-be9f-970975c8542c","False"
"2026-08-17T11:03:03.8386421+07:00","7416","18.46","78.57","91.63","localhost","85d308c4-9064-4dde-be9f-970975c8542c","False"
"2026-08-17T11:03:04.8583795+07:00","7416","7.66","78.61","91.77","localhost","85d308c4-9064-4dde-be9f-970975c8542c","False"
"2026-08-17T11:03:05.8801330+07:00","7416","4.59","78.83","92.83","localhost","85d308c4-9064-4dde-be9f-970975c8542c","False"
"2026-08-17T11:03:06.8949339+07:00","7416","4.62","78.76","92.73","localhost","85d308c4-9064-4dde-be9f-970975c8542c","False"
"2026-08-17T11:03:07.9041244+07:00","7416","7.74","78.9","91.96","localhost","85d308c4-9064-4dde-be9f-970975c8542c","False"
"2026-08-17T11:03:08.9245476+07:00","7416","9.19","79.76","92.07","localhost","85d308c4-9064-4dde-be9f-970975c8542c","False"
"2026-08-17T11:03:09.9440825+07:00","7416","4.6","80.45","91.95","localhost","85d308c4-9064-4dde-be9f-970975c8542c","False"
"2026-08-17T11:03:10.9537676+07:00","7416","10.83","81.92","92.3","localhost","85d308c4-9064-4dde-be9f-970975c8542c","False"
"2026-08-17T11:03:11.9628831+07:00","7416","7.74","83.53","92.32","localhost","85d308c4-9064-4dde-be9f-970975c8542c","False"
"2026-08-17T11:03:12.9821877+07:00","7416","9.2","84.81","92.32","localhost","85d308c4-9064-4dde-be9f-970975c8542c","False"
"2026-08-17T11:03:14.0055551+07:00","7416","4.58","84.62","92.2","localhost","85d308c4-9064-4dde-be9f-970975c8542c","False"
"2026-08-17T11:03:15.0160646+07:00","7416","9.28","84.96","92.22","localhost","85d308c4-9064-4dde-be9f-970975c8542c","False"
"2026-08-17T11:03:16.0389514+07:00","7416","6.11","85.97","92.22","localhost","85d308c4-9064-4dde-be9f-970975c8542c","False"
"2026-08-17T11:03:17.0571637+07:00","7416","10.74","87.4","92.23","localhost","85d308c4-9064-4dde-be9f-970975c8542c","False"
"2026-08-17T11:03:18.0732346+07:00","7416","10.76","88.67","91.9","localhost","85d308c4-9064-4dde-be9f-970975c8542c","False"
"2026-08-17T11:03:19.0941290+07:00","7416","9.18","89.98","91.9","localhost","85d308c4-9064-4dde-be9f-970975c8542c","False"
"2026-08-17T11:03:20.1122062+07:00","7416","10.74","92.53","94.12","localhost","85d308c4-9064-4dde-be9f-970975c8542c","False"
"2026-08-17T11:03:21.1226817+07:00","7416","6.19","92.53","94.12","localhost","85d308c4-9064-4dde-be9f-970975c8542c","False"
"2026-08-17T11:03:22.1414185+07:00","7416","1.53","92.53","94.12","localhost","85d308c4-9064-4dde-be9f-970975c8542c","False"
"2026-08-17T11:03:23.1631282+07:00","7416","4.59","92.59","94.12","localhost","85d308c4-9064-4dde-be9f-970975c8542c","False"
"2026-08-17T11:03:24.1835005+07:00","7416","9.19","92.7","94.54","localhost","85d308c4-9064-4dde-be9f-970975c8542c","False"
"2026-08-17T11:03:25.1900328+07:00","7416","9.31","92.82","94.5","localhost","85d308c4-9064-4dde-be9f-970975c8542c","False"
"2026-08-17T11:03:26.2104839+07:00","7416","10.72","92.94","94.66","localhost","85d308c4-9064-4dde-be9f-970975c8542c","False"
"2026-08-17T11:03:27.2173489+07:00","7416","3.1","93.03","94.68","localhost","85d308c4-9064-4dde-be9f-970975c8542c","False"
"2026-08-17T11:03:28.2403604+07:00","7416","12.22","95.5","97.29","localhost","85d308c4-9064-4dde-be9f-970975c8542c","False"
"2026-08-17T11:03:29.2607523+07:00","7416","7.66","95.5","97.29","localhost","85d308c4-9064-4dde-be9f-970975c8542c","False"
"2026-08-17T11:03:30.2805610+07:00","7416","13.79","95.5","97.29","localhost","85d308c4-9064-4dde-be9f-970975c8542c","False"
"2026-08-17T11:03:31.3007356+07:00","7416","4.59","95.33","97.05","localhost","85d308c4-9064-4dde-be9f-970975c8542c","False"
"2026-08-17T11:03:32.3205914+07:00","7416","3.06","95.64","97.41","localhost","85d308c4-9064-4dde-be9f-970975c8542c","False"
"2026-08-17T11:03:33.3413783+07:00","7416","10.71","95.56","97.28","localhost","85d308c4-9064-4dde-be9f-970975c8542c","False"
"2026-08-17T11:03:34.3589388+07:00","7416","12.28","95.63","98.46","localhost","85d308c4-9064-4dde-be9f-970975c8542c","False"
"2026-08-17T11:03:35.3801396+07:00","7416","10.71","95.63","97.51","localhost","85d308c4-9064-4dde-be9f-970975c8542c","False"
"2026-08-17T11:03:36.4004788+07:00","7416","10.72","95.63","97.51","localhost","85d308c4-9064-4dde-be9f-970975c8542c","False"
"2026-08-17T11:03:37.4222129+07:00","7416","4.59","95.86","97.64","localhost","85d308c4-9064-4dde-be9f-970975c8542c","False"
"2026-08-17T11:03:38.4411367+07:00","7416","3.07","95.86","97.64","localhost","85d308c4-9064-4dde-be9f-970975c8542c","False"
"2026-08-17T11:03:39.4464431+07:00","7416","13.99","95.94","97.64","localhost","85d308c4-9064-4dde-be9f-970975c8542c","False"
"2026-08-17T11:03:40.4558864+07:00","7416","6.19","95.94","97.64","localhost","85d308c4-9064-4dde-be9f-970975c8542c","False"
"2026-08-17T11:03:41.4725141+07:00","7416","4.61","95.95","97.65","localhost","85d308c4-9064-4dde-be9f-970975c8542c","False"
"2026-08-17T11:03:42.4788768+07:00","7416","6.21","95.74","97.84","localhost","85d308c4-9064-4dde-be9f-970975c8542c","False"
"2026-08-17T11:03:43.5010225+07:00","7416","4.59","95.79","97.61","localhost","85d308c4-9064-4dde-be9f-970975c8542c","False"
"2026-08-17T11:03:44.5230987+07:00","7416","7.64","96.5","97.65","localhost","85d308c4-9064-4dde-be9f-970975c8542c","False"
"2026-08-17T11:03:45.5411229+07:00","7416","3.07","96.34","97.57","localhost","85d308c4-9064-4dde-be9f-970975c8542c","False"
"2026-08-17T11:03:46.5487250+07:00","7416","6.2","96.4","97.57","localhost","85d308c4-9064-4dde-be9f-970975c8542c","False"
"2026-08-17T11:03:47.5674711+07:00","7416","9.2","96.43","97.59","localhost","85d308c4-9064-4dde-be9f-970975c8542c","False"
"2026-08-17T11:03:48.5781641+07:00","7416","9.28","96.43","97.59","localhost","85d308c4-9064-4dde-be9f-970975c8542c","False"
"2026-08-17T11:03:49.5940164+07:00","7416","4.61","96.43","97.6","localhost","85d308c4-9064-4dde-be9f-970975c8542c","False"
"2026-08-17T11:03:50.6024191+07:00","7416","10.85","96.35","97.42","localhost","85d308c4-9064-4dde-be9f-970975c8542c","False"
"2026-08-17T11:03:51.6209295+07:00","7416","7.67","96.4","97.42","localhost","85d308c4-9064-4dde-be9f-970975c8542c","False"
"2026-08-17T11:03:52.6397163+07:00","7416","15.34","96.64","98.03","localhost","85d308c4-9064-4dde-be9f-970975c8542c","False"
"2026-08-17T11:03:53.6577168+07:00","7416","10.74","96.64","98.03","localhost","85d308c4-9064-4dde-be9f-970975c8542c","False"
"2026-08-17T11:03:54.6805746+07:00","7416","1.53","96.4","97.87","localhost","85d308c4-9064-4dde-be9f-970975c8542c","False"
"2026-08-17T11:03:55.6906249+07:00","7416","3.09","96.42","97.93","localhost","85d308c4-9064-4dde-be9f-970975c8542c","False"
"2026-08-17T11:03:56.7099415+07:00","7416","9.2","96.43","97.94","localhost","85d308c4-9064-4dde-be9f-970975c8542c","False"
"2026-08-17T11:03:57.7280019+07:00","7416","6.14","96.53","98.07","localhost","85d308c4-9064-4dde-be9f-970975c8542c","False"
"2026-08-17T11:03:58.7505609+07:00","7416","6.11","96.32","97.35","localhost","85d308c4-9064-4dde-be9f-970975c8542c","False"
"2026-08-17T11:03:59.7753456+07:00","7416","6.1","96.52","97.57","localhost","85d308c4-9064-4dde-be9f-970975c8542c","False"
"2026-08-17T11:04:00.7888956+07:00","7416","7.71","96.52","97.57","localhost","85d308c4-9064-4dde-be9f-970975c8542c","False"
"2026-08-17T11:04:01.8053876+07:00","7416","4.61","96.61","97.67","localhost","85d308c4-9064-4dde-be9f-970975c8542c","False"
"2026-08-17T11:04:02.8129249+07:00","7416","4.65","96.32","97.34","localhost","85d308c4-9064-4dde-be9f-970975c8542c","False"
"2026-08-17T11:04:03.8317992+07:00","7416","4.6","96.32","97.34","localhost","85d308c4-9064-4dde-be9f-970975c8542c","False"
"2026-08-17T11:04:04.8525512+07:00","7416","9.18","96.32","97.35","localhost","85d308c4-9064-4dde-be9f-970975c8542c","False"
"2026-08-17T11:04:05.8691219+07:00","7416","3.07","96.33","97.39","localhost","85d308c4-9064-4dde-be9f-970975c8542c","False"
"2026-08-17T11:04:06.8845150+07:00","7416","6.16","96.34","97.36","localhost","85d308c4-9064-4dde-be9f-970975c8542c","False"
"2026-08-17T11:04:07.9066295+07:00","7416","13.76","96.36","97.38","localhost","85d308c4-9064-4dde-be9f-970975c8542c","False"
"2026-08-17T11:04:08.9220297+07:00","7416","9.23","96.62","98.02","localhost","85d308c4-9064-4dde-be9f-970975c8542c","False"
"2026-08-17T11:04:09.9318930+07:00","7416","0","96.61","97.57","localhost","85d308c4-9064-4dde-be9f-970975c8542c","False"
"2026-08-17T11:04:10.9505245+07:00","7416","3.07","96.65","98.06","localhost","85d308c4-9064-4dde-be9f-970975c8542c","False"
"2026-08-17T11:04:11.9719831+07:00","7416","3.06","96.65","98.06","localhost","85d308c4-9064-4dde-be9f-970975c8542c","False"
"2026-08-17T11:04:12.9908367+07:00","7416","9.2","96.67","98.09","localhost","85d308c4-9064-4dde-be9f-970975c8542c","False"
"2026-08-17T11:04:14.0115078+07:00","7416","4.59","96.52","97.47","localhost","85d308c4-9064-4dde-be9f-970975c8542c","False"
"2026-08-17T11:04:15.0317562+07:00","7416","15.31","96.75","98.08","localhost","85d308c4-9064-4dde-be9f-970975c8542c","False"
"2026-08-17T11:04:16.0518305+07:00","7416","9.19","96.4","97.37","localhost","85d308c4-9064-4dde-be9f-970975c8542c","False"
"2026-08-17T11:04:17.0742563+07:00","7416","6.11","96.34","97.34","localhost","85d308c4-9064-4dde-be9f-970975c8542c","False"
"2026-08-17T11:04:18.0951510+07:00","7416","10.71","96.41","97.47","localhost","85d308c4-9064-4dde-be9f-970975c8542c","False"
"2026-08-17T11:04:19.1059147+07:00","7416","9.28","96.8","98.2","localhost","85d308c4-9064-4dde-be9f-970975c8542c","False"
"2026-08-17T11:04:20.1264059+07:00","7416","3.06","96.82","98.1","localhost","85d308c4-9064-4dde-be9f-970975c8542c","False"
"2026-08-17T11:04:21.1368660+07:00","7416","6.19","96.62","98.22","localhost","85d308c4-9064-4dde-be9f-970975c8542c","False"
"2026-08-17T11:04:22.1452000+07:00","7416","3.1","96.62","98.23","localhost","85d308c4-9064-4dde-be9f-970975c8542c","False"
"2026-08-17T11:04:23.1571632+07:00","7416","0","96.55","98.13","localhost","85d308c4-9064-4dde-be9f-970975c8542c","False"
"2026-08-17T11:04:24.1785817+07:00","7416","1.53","96.57","98.14","localhost","85d308c4-9064-4dde-be9f-970975c8542c","False"
"2026-08-17T11:04:25.1871178+07:00","7416","4.65","96.58","98.15","localhost","85d308c4-9064-4dde-be9f-970975c8542c","False"
"2026-08-17T11:04:26.1935813+07:00","7416","3.1","96.59","98.16","localhost","85d308c4-9064-4dde-be9f-970975c8542c","False"
"2026-08-17T11:04:27.2156304+07:00","7416","3.06","96.59","98.17","localhost","85d308c4-9064-4dde-be9f-970975c8542c","False"
"2026-08-17T11:04:28.2260956+07:00","7416","1.55","96.6","98.17","localhost","85d308c4-9064-4dde-be9f-970975c8542c","False"
"2026-08-17T11:04:29.2459906+07:00","7416","3.06","96.61","98.18","localhost","85d308c4-9064-4dde-be9f-970975c8542c","False"
"2026-08-17T11:04:30.2544932+07:00","7416","3.1","96.62","98.2","localhost","85d308c4-9064-4dde-be9f-970975c8542c","False"
"2026-08-17T11:04:31.2631821+07:00","7416","1.55","96.63","98.16","localhost","85d308c4-9064-4dde-be9f-970975c8542c","False"
"2026-08-17T11:04:32.2789741+07:00","7416","0","96.63","98.16","localhost","85d308c4-9064-4dde-be9f-970975c8542c","False"
"2026-08-17T11:04:33.2874761+07:00","7416","3.1","96.44","97.45","localhost","85d308c4-9064-4dde-be9f-970975c8542c","False"
"2026-08-17T11:04:34.3052830+07:00","7416","0","96.47","97.47","localhost","85d308c4-9064-4dde-be9f-970975c8542c","False"
"2026-08-17T11:04:35.3270838+07:00","7416","0","96.47","97.47","localhost","85d308c4-9064-4dde-be9f-970975c8542c","False"
"2026-08-17T11:04:36.3471609+07:00","7416","0","96.47","97.47","localhost","85d308c4-9064-4dde-be9f-970975c8542c","False"
"2026-08-17T11:04:37.3556097+07:00","7416","0","96.47","97.47","localhost","85d308c4-9064-4dde-be9f-970975c8542c","False"
"2026-08-17T11:04:38.3638191+07:00","7416","0","96.47","97.47","localhost","85d308c4-9064-4dde-be9f-970975c8542c","False"
"2026-08-17T11:04:39.3729913+07:00","7416","0","96.47","97.47","localhost","85d308c4-9064-4dde-be9f-970975c8542c","False"
"2026-08-17T11:04:40.3936974+07:00","7416","0","96.47","97.47","localhost","85d308c4-9064-4dde-be9f-970975c8542c","False"
"2026-08-17T11:04:41.4175451+07:00","7416","0","96.47","97.47","localhost","85d308c4-9064-4dde-be9f-970975c8542c","False"
"2026-08-17T11:04:42.4368625+07:00","7416","0","96.47","97.47","localhost","85d308c4-9064-4dde-be9f-970975c8542c","False"
"2026-08-17T11:04:43.4568205+07:00","7416","0","96.47","97.47","localhost","85d308c4-9064-4dde-be9f-970975c8542c","False"
"2026-08-17T11:04:44.4762372+07:00","7416","0","96.47","97.47","localhost","85d308c4-9064-4dde-be9f-970975c8542c","False"
"2026-08-17T11:04:45.4843824+07:00","7416","0","96.47","97.47","localhost","85d308c4-9064-4dde-be9f-970975c8542c","False"
"2026-08-17T11:04:46.4991350+07:00","7416","0","96.47","97.47","localhost","85d308c4-9064-4dde-be9f-970975c8542c","False"
